title,artist,rank,year
Firework,Katy Perry,1,2010
Grenade,Bruno Mars,2,2010
What's My Name?,Rihanna Featuring Drake,3,2010
Raise Your Glass,P!nk,4,2010
We R Who We R,Ke$ha,5,2010
Just The Way You Are,Bruno Mars,6,2010
Only Girl (In The World),Rihanna,7,2010
The Time (Dirty Bit),The Black Eyed Peas,8,2010
6 Foot 7 Foot,Lil Wayne Featuring Cory Gunz,9,2010
Just A Dream,Nelly,10,2010
Bottoms Up,Trey Songz Featuring Nicki Minaj,11,2010
Black And Yellow,Wiz Khalifa,12,2010
Tonight (I'm Lovin' You),Enrique Iglesias Featuring Ludacris & DJ Frank E,13,2010
Like A G6,Far*East Movement Featuring Cataracs & Dev,14,2010
DJ Got Us Fallin' In Love,Usher Featuring Pitbull,15,2010
Stereo Love,Edward Maya & Vika Jigulina,16,2010
Dynamite,Taio Cruz,17,2010
No Hands,Waka Flocka Flame Featuring Roscoe Dash & Wale,18,2010
Coming Home,Diddy - Dirty Money Featuring Skylar Grey,19,2010
Yeah 3X,Chris Brown,20,2010
Please Don't Go,Mike Posner,21,2010
Teenage Dream,Katy Perry,22,2010
Animal,Neon Trees,23,2010
F**k You! (Forget You),CeeLo Green,24,2010
Secrets,OneRepublic,25,2010
Back To December,Taylor Swift,26,2010
Hey Baby (Drop It To The Floor),Pitbull Featuring T-Pain,27,2010
Right Above It,Lil Wayne Featuring Drake,28,2010
Right Thru Me,Nicki Minaj,29,2010
Aston Martin Music,Rick Ross Featuring Drake & Chrisette Michele,30,2010
That's All She Wrote,T.I. Featuring Eminem,31,2010
Club Can't Handle Me,Flo Rida Featuring David Guetta,32,2010
I Like It,Enrique Iglesias Featuring Pitbull,33,2010
If I Die Young,The Band Perry,34,2010
Whip My Hair,WILLOW,35,2010
Somewhere With You,Kenny Chesney,36,2010
No Love,Eminem Featuring Lil Wayne,37,2010
Deuces,Chris Brown Featuring Tyga & Kevin McCall,38,2010
Hold My Hand,Michael Jackson Duet With Akon,39,2010
Felt Good On My Lips,Tim McGraw,40,2010
Rocketeer,Far*East Movement Featuring Ryan Tedder,41,2010
Pretty Girl Rock,Keri Hilson,42,2010
My Kinda Party,Jason Aldean,43,2010
Love The Way You Lie,Eminem Featuring Rihanna,44,2010
Kush,Dr. Dre Featuring Snoop Dogg & Akon,45,2010
Jar Of Hearts,Christina Perri,46,2010
Stuck Like Glue,Sugarland,47,2010
Love Like Woe,The Ready Set,48,2010
Can't Be Friends,Trey Songz,49,2010
Memories,David Guetta Featuring Kid Cudi,50,2010
Who Are You When I'm Not Looking,Blake Shelton,51,2010
Mine,Taylor Swift,52,2010
Down On Me,Jeremih Featuring 50 Cent,53,2010
As She's Walking Away,Zac Brown Band Featuring Alan Jackson,54,2010
Rhythm of Love,Plain White T's,55,2010
Dog Days Are Over,Florence + The Machine,56,2010
We No Speak Americano,Yolanda Be Cool & Dcup,57,2010
Mama's Song,Carrie Underwood,58,2010
Turn On The Radio,Reba,59,2010
Don't You Wanna Stay,Jason Aldean With Kelly Clarkson,60,2010
Put You In A Song,Keith Urban,61,2010
Let Me Down Easy,Billy Currington,62,2010
Voices,Chris Young,63,2010
Lay It Down,Lloyd,64,2010
Why Wait,Rascal Flatts,65,2010
Maybe,Sick Puppies,66,2010
The Breath You Take,George Strait,67,2010
Only Prettier,Miranda Lambert,68,2010
Who Dat Girl,Flo Rida Featuring Akon,69,2010
Fire Flame,Birdman Featuring Lil Wayne,70,2010
Make A Movie,Twista Featuring Chris Brown,71,2010
Waiting For The End,Linkin Park,72,2010
Marry Me,Train,73,2010
Bass Down Low,Dev Featuring The Cataracs,74,2010
Fall For Your Type,Jamie Foxx Featuring Drake,75,2010
Anything Like Me,Brad Paisley,76,2010
Little Lion Man,Mumford & Sons,77,2010
Someone Else Calling You Baby,Luke Bryan,78,2010
Hello World,Lady Antebellum,79,2010
Higher,Taio Cruz Featuring Travie McCoy,80,2010
No BS,Chris Brown,81,2010
Moment 4 Life,Nicki Minaj Featuring Drake,82,2010
Christmas Lights,Coldplay,83,2010
Runaway,Kanye West Featuring Pusha T,84,2010
Bullets In The Gun,Toby Keith,85,2010
F**kin' Perfect,P!nk,86,2010
Smoke A Little Smoke,Eric Church,87,2010
More,Usher,88,2010
All I Want Is You,Miguel Featuring J. Cole,89,2010
What Do You Want,Jerrod Niemann,90,2010
Loving You No More,Diddy - Dirty Money Featuring Drake,91,2010
Are You Gonna Kiss Me Or Not,Thompson Square,92,2010
When A Woman Loves,R. Kelly,93,2010
You Be Killin Em,Fabolous,94,2010
September,Daughtry,95,2010
Loca,Shakira Featuring El Cata or Dizzee Rascal,96,2010
For The First Time,The Script,97,2010
Letting Go (Dutty Love),Sean Kingston Featuring Nicki Minaj,98,2010
"Baby, It's Cold Outside",Glee Cast,99,2010
Oh Santa!,Mariah Carey,100,2010
We Found Love,Rihanna Featuring Calvin Harris,1,2011
Sexy And I Know It,LMFAO,2,2011
It Will Rain,Bruno Mars,3,2011
Good Feeling,Flo Rida,4,2011
The One That Got Away,Katy Perry,5,2011
Ni**as in Paris,Jay Z Kanye West,6,2011
Someone Like You,Adele,7,2011
Without You,David Guetta Featuring Usher,8,2011
Moves Like Jagger,Maroon 5 Featuring Christina Aguilera,9,2011
5 O'Clock,T-Pain Featuring Wiz Khalifa & Lily Allen,10,2011
Stereo Hearts,Gym Class Heroes Featuring Adam Levine,11,2011
Dance (A$$),Big Sean Featuring Nicki Minaj,12,2011
Set Fire To The Rain,Adele,13,2011
Work Out,J. Cole,14,2011
Party Rock Anthem,LMFAO Featuring Lauren Bennett & GoonRock,15,2011
Headlines,Drake,16,2011
Red Solo Cup,Toby Keith,17,2011
"Young, Wild & Free",Snoop Dogg & Wiz Khalifa Featuring Bruno Mars,18,2011
Pumped Up Kicks,Foster The People,19,2011
You Make Me Feel...,Cobra Starship Featuring Sabi,20,2011
Mr. Know It All,Kelly Clarkson,21,2011
Not Over You,Gavin DeGraw,22,2011
I Don't Want This Night To End,Luke Bryan,23,2011
Make Me Proud,Drake Featuring Nicki Minaj,24,2011
You Da One,Rihanna,25,2011
Love You Like A Love Song,Selena Gomez & The Scene,26,2011
Give Me Everything,"Pitbull Featuring Ne-Yo, Afrojack & Nayer",27,2011
Domino,Jessie J,28,2011
The Motto,Drake Featuring Lil Wayne,29,2011
International Love,Pitbull Featuring Chris Brown,30,2011
Just A Kiss,Lady Antebellum,31,2011
Mistletoe,Justin Bieber,32,2011
Marry The Night,Lady Gaga,33,2011
Super Bass,Nicki Minaj,34,2011
She Will,Lil Wayne Featuring Drake,35,2011
Keep Me In Mind,Zac Brown Band,36,2011
Sleazy Remix 2.0 Get Sleazier,"Ke$ha Featuring Lil Wayne, Wiz Khalifa, T.I. & Andre 3000",37,2011
Lotus Flower Bomb,Wale Featuring Miguel,38,2011
Paradise,Coldplay,39,2011
In The Dark,Dev,40,2011
Rolling In The Deep,Adele,41,2011
Tattoos On This Town,Jason Aldean,42,2011
Easy,Rascal Flatts Featuring Natasha Bedingfield,43,2011
I Like It Like That,Hot Chelle Rae Featuring New Boyz,44,2011
Drink In My Hand,Eric Church,45,2011
Fly,Nicki Minaj Featuring Rihanna,46,2011
Ours,Taylor Swift,47,2011
God Gave Me You,Blake Shelton,48,2011
Blackout,Breathe Carolina,49,2011
We Owned The Night,Lady Antebellum,50,2011
Let It Rain,David Nail Featuring Sarah Buxton,51,2011
You,Chris Young,52,2011
All Your Life,The Band Perry,53,2011
It Girl,Jason Derulo,54,2011
Strange Clouds,B.o.B Featuring Lil Wayne,55,2011
Rack City,Tyga,56,2011
Party,Beyonce Featuring Andre 3000,57,2011
Take Care,Drake Featuring Rihanna,58,2011
We Are Young,Glee Cast,59,2011
A Thousand Years,Christina Perri,60,2011
Tonight Is The Night,Outasight,61,2011
You And I,Lady Gaga,62,2011
Heartbeat,The Fray,63,2011
Brighter Than The Sun,Colbie Caillat,64,2011
Can't Get Enough,J. Cole Featuring Trey Songz,65,2011
When We Stand Together,Nickelback,66,2011
You The Boss,Rick Ross Featuring Nicki Minaj,67,2011
Turn Me On,David Guetta Featuring Nicki Minaj,68,2011
Lonely Boy,The Black Keys,69,2011
Baggage Claim,Miranda Lambert,70,2011
I'm Gonna Love You Through It,Martina McBride,71,2011
Alone With You,Jake Owen,72,2011
That Way,Wale Featuring Jeremih & Rick Ross,73,2011
Home,Dierks Bentley,74,2011
Bang Bang Pow Pow,T-Pain Featuring Lil Wayne,75,2011
Reality,Kenny Chesney,76,2011
Levels,Avicii,77,2011
We Are Young,fun. Featuring Janelle Monae,78,2011
You Gonna Fly,Keith Urban,79,2011
Wish You Were Here,Avril Lavigne,80,2011
Better Than I Used To Be,Tim McGraw,81,2011
Shake It Out,Florence + The Machine,82,2011
Bait A Hook,Justin Moore,83,2011
The Trouble With Girls,Scotty McCreery,84,2011
Storm Warning,Hunter Hayes,85,2011
Round Of Applause,Waka Flocka Flame Featuring Drake,86,2011
Nothing,The Script,87,2011
Camouflage,Brad Paisley,88,2011
Sail,AWOLNATION,89,2011
Amen,Edens Edge,90,2011
Countdown,Beyonce,91,2011
Do They Know It's Christmas?,Glee Cast,92,2011
Tongue Tied,Grouplove,93,2011
Love On Top,Beyonce,94,2011
I Got You,Thompson Square,95,2011
A Woman Like You,Lee Brice,96,2011
Promise,Romeo Santos Featuring Usher,97,2011
Good Good Night,Roscoe Dash,98,2011
All I Want For Christmas Is You,Michael Buble,99,2011
Ass Back Home,Gym Class Heroes Featuring Neon Hitch,100,2011
Locked Out Of Heaven,Bruno Mars,1,2012
Diamonds,Rihanna,2,2012
Ho Hey,The Lumineers,3,2012
I Knew You Were Trouble.,Taylor Swift,4,2012
Beauty And A Beat,Justin Bieber Featuring Nicki Minaj,5,2012
Die Young,Ke$ha,6,2012
One More Night,Maroon 5,7,2012
I Cry,Flo Rida,8,2012
Home,Phillip Phillips,9,2012
Thrift Shop,Macklemore & Ryan Lewis Featuring Wanz,10,2012
Don't You Worry Child,Swedish House Mafia Featuring John Martin,11,2012
Scream & Shout,will.i.am & Britney Spears,12,2012
Try,P!nk,13,2012
Some Nights,fun.,14,2012
Let Me Love You (Until You Learn To Love Yourself),Ne-Yo,15,2012
Girl On Fire,Alicia Keys Featuring Nicki Minaj,16,2012
The A Team,Ed Sheeran,17,2012
It's Time,Imagine Dragons,18,2012
Gangnam Style,PSY,19,2012
Swimming Pools (Drank),Kendrick Lamar,20,2012
All I Want For Christmas Is You,Mariah Carey,21,2012
Cruise,Florida Georgia Line Featuring Nelly,22,2012
Clique,"Kanye West, Jay-Z, Big Sean",23,2012
F**kin Problems,"A$AP Rocky Featuring Drake, 2 Chainz & Kendrick Lamar",24,2012
Adorn,Miguel,25,2012
Sweet Nothing,Calvin Harris Featuring Florence Welch,26,2012
Don't Stop The Party,Pitbull Featuring TJR,27,2012
Too Close,Alex Clare,28,2012
We Are Never Ever Getting Back Together,Taylor Swift,29,2012
Catch My Breath,Kelly Clarkson,30,2012
Va Va Voom,Nicki Minaj,31,2012
Little Talks,Of Monsters And Men,32,2012
I'm Different,2 Chainz,33,2012
No Worries,Lil Wayne Featuring Detail,34,2012
As Long As You Love Me,Justin Bieber Featuring Big Sean,35,2012
Wanted,Hunter Hayes,36,2012
Hall Of Fame,The Script Featuring will.i.am,37,2012
Bandz A Make Her Dance,Juicy J Featuring Lil Wayne & 2 Chainz,38,2012
I Will Wait,Mumford & Sons,39,2012
Thinkin Bout You,Frank Ocean,40,2012
Little Things,One Direction,41,2012
Don't Wake Me Up,Chris Brown,42,2012
Call Me Maybe,Carly Rae Jepsen,43,2012
Better Dig Two,The Band Perry,44,2012
Lights,Ellie Goulding,45,2012
Daylight,Maroon 5,46,2012
Blow Me (One Last Kiss),P!nk,47,2012
Anything Could Happen,Ellie Goulding,48,2012
Somebody That I Used To Know,Gotye Featuring Kimbra,49,2012
Every Storm (Runs Out Of Rain),Gary Allan,50,2012
Goodbye In Her Eyes,Zac Brown Band,51,2012
Radioactive,Imagine Dragons,52,2012
Feel Again,OneRepublic,53,2012
Til My Last Day,Justin Moore,54,2012
How Country Feels,Randy Houser,55,2012
Beer Money,Kip Moore,56,2012
The Only Way I Know,Jason Aldean With Luke Bryan & Eric Church,57,2012
Wicked Games,The Weeknd,58,2012
Birthday Song,2 Chainz Featuring Kanye West,59,2012
Cry,Cassadee Pope,60,2012
Ball,T.I. Featuring Lil Wayne,61,2012
When I Was Your Man,Bruno Mars,62,2012
Madness,Muse,63,2012
Remember You,Wiz Khalifa Featuring The Weeknd,64,2012
Kiss Tomorrow Goodbye,Luke Bryan,65,2012
Tornado,Little Big Town,66,2012
Don't Judge Me,Chris Brown,67,2012
Creepin',Eric Church,68,2012
Somebody's Heartbreak,Hunter Hayes,69,2012
Love Sosa,Chief Keef,70,2012
Southern Comfort Zone,Brad Paisley,71,2012
Poetic Justice,Kendrick Lamar Featuring Drake,72,2012
Skyfall,Adele,73,2012
Live While We're Young,One Direction,74,2012
One Of Those Nights,Tim McGraw,75,2012
Begin Again,Taylor Swift,76,2012
Diced Pineapples,Rick Ross Featuring Wale & Drake,77,2012
Guap,Big Sean,78,2012
Rest Of My Life,Ludacris Featuring Usher & David Guetta,79,2012
El Cerrito Place,Kenny Chesney,80,2012
All Gold Everything,Trinidad James,81,2012
Neva End,Future,82,2012
Celebration,"Game Featuring Chris Brown, Tyga, Wiz Khalifa & Lil Wayne",83,2012
Over You,Cassadee Pope,84,2012
Two Black Cadillacs,Carrie Underwood,85,2012
Did It For The Girl,Greg Bates,86,2012
Turn On The Lights,Future,87,2012
Stubborn Love,The Lumineers,88,2012
Merry Go 'round,Kacey Musgraves,89,2012
The One That Got Away,Jake Owen,90,2012
Who Booty,Jonn Hart Featuring IamSU!,91,2012
Take A Walk,Passion Pit,92,2012
Tip It On Back,Dierks Bentley,93,2012
Ready Or Not,Bridgit Mendler,94,2012
King Wizard,Kid Cudi,95,2012
Ice,Kelly Rowland Featuring Lil Wayne,96,2012
Young & Gettin' It,Meek Mill Featuring Kirko Bangz,97,2012
Representin',Ludacris Featuring Kelly Rowland,98,2012
C'mon,Ke$ha,99,2012
Crying On A Suitcase,Casey James,100,2012
The Monster,Eminem Featuring Rihanna,1,2013
Timber,Pitbull Featuring Ke$ha,2,2013
Counting Stars,OneRepublic,3,2013
Say Something,A Great Big World & Christina Aguilera,4,2013
Royals,Lorde,5,2013
Demons,Imagine Dragons,6,2013
Let Her Go,Passenger,7,2013
Wake Me Up!,Avicii,8,2013
Wrecking Ball,Miley Cyrus,9,2013
Story Of My Life,One Direction,10,2013
Roar,Katy Perry,11,2013
Drunk In Love,Beyonce Featuring Jay Z,12,2013
"Hold On, We're Going Home",Drake Featuring Majid Jordan,13,2013
Dark Horse,Katy Perry Featuring Juicy J,14,2013
Burn,Ellie Goulding,15,2013
Do What U Want,Lady Gaga Featuring R. Kelly,16,2013
Sweater Weather,The Neighbourhood,17,2013
Team,Lorde,18,2013
White Walls,Macklemore & Ryan Lewis Featuring ScHoolboy Q & Hollis,19,2013
23,"Mike WiLL Made-It Featuring Miley Cyrus, Wiz Khalifa & Juicy J",20,2013
Pompeii,Bastille,21,2013
Stay The Night,Zedd Featuring Hayley Williams,22,2013
Unconditionally,Katy Perry,23,2013
My Hitta,YG Featuring Jeezy & Rich Homie Quan,24,2013
Applause,Lady Gaga,25,2013
All I Want For Christmas Is You,Mariah Carey,26,2013
Blurred Lines,Robin Thicke Featuring T.I. + Pharrell,27,2013
Holy Grail,Jay Z Featuring Justin Timberlake,28,2013
Show Me,Kid Ink Featuring Chris Brown,29,2013
Stay,Florida Georgia Line,30,2013
Radioactive,Imagine Dragons,31,2013
Love More,Chris Brown Featuring Nicki Minaj,32,2013
Gas Pedal,Sage The Gemini Featuring IamSu!,33,2013
Drink A Beer,Luke Bryan,34,2013
Brave,Sara Bareilles,35,2013
It Won't Stop,Sevyn Streeter Featuring Chris Brown,36,2013
All Me,Drake Featuring 2 Chainz & Big Sean,37,2013
Rap God,Eminem,38,2013
Sail,AWOLNATION,39,2013
Whatever She's Got,David Nail,40,2013
Marry Me,Jason Derulo,41,2013
Safe And Sound,Capital Cities,42,2013
Drunk Last Night,Eli Young Band,43,2013
Best Day Of My Life,American Authors,44,2013
The Christmas Song (Merry Christmas To You),"Nat ""King"" Cole",45,2013
Wasting All These Tears,Cassadee Pope,46,2013
Carolina,Parmalee,47,2013
Who You Love,John Mayer Featuring Katy Perry,48,2013
Replay,Zendaya,49,2013
Rockin' Around The Christmas Tree,Brenda Lee,50,2013
I Have Nothing,Tessanne Chin,51,2013
Sweet Annie,Zac Brown Band,52,2013
Chillin' It,Cole Swindell,53,2013
Let It Go,Idina Menzel,54,2013
All Of Me,John Legend,55,2013
That's My Kind Of Night,Luke Bryan,56,2013
When She Says Baby,Jason Aldean,57,2013
Bottoms Up,Brantley Gilbert,58,2013
Animals,Martin Garrix,59,2013
HeadBand,B.o.B Featuring 2 Chainz,60,2013
Let It Go,Demi Lovato,61,2013
Don't Let Me Be Lonely,The Band Perry,62,2013
Hey Brother,Avicii,63,2013
Little Drummer Boy,Pentatonix,64,2013
Friday Night,Eric Paslay,65,2013
XO,Beyonce,66,2013
Up All Night,Jon Pardi,67,2013
The Language,Drake,68,2013
Slow Down,Selena Gomez,69,2013
Love Me Again,John Newman,70,2013
Radio,Darius Rucker,71,2013
I Luv This Sh*t,August Alsina Featuring Trinidad James,72,2013
We Were Us,Keith Urban And Miranda Lambert,73,2013
TKO,Justin Timberlake,74,2013
Compass,Lady Antebellum,75,2013
Let It Be,Tessanne Chin & Adam Levine,76,2013
Berzerk,Eminem,77,2013
Underneath The Tree,Kelly Clarkson,78,2013
Up Down (Do This All Day),T-Pain Featuring B.o.B,79,2013
Sunny And 75,Joe Nichols,80,2013
Alone Together,Fall Out Boy,81,2013
Best Song Ever,One Direction,82,2013
Do I Wanna Know?,Arctic Monkeys,83,2013
Helluva Life,Frankie Ballard,84,2013
All That Matters,Justin Bieber,85,2013
See You Tonight,Scotty McCreery,86,2013
Bound 2,Kanye West,87,2013
Honest,Future,88,2013
Talk Dirty,Jason Derulo Featuring 2 Chainz,89,2013
Perfume,Britney Spears,90,2013
Bounce It,Juicy J Featuring Wale & Trey Songz,91,2013
Everybody's Got Somebody But Me,Hunter Hayes Featuring Jason Mraz,92,2013
Old School Love,Lupe Fiasco Featuring Ed Sheeran,93,2013
Worst Behavior,Drake,94,2013
Waiting For Superman,Daughtry,95,2013
Survival,Eminem,96,2013
Paranoid,Ty Dolla $ign Featuring B.o.B,97,2013
The Fox,Ylvis,98,2013
Mine,Beyonce Featuring Drake,99,2013
I Hold On,Dierks Bentley,100,2013
Blank Space,Taylor Swift,1,2014
Take Me To Church,Hozier,2,2014
Uptown Funk!,Mark Ronson Featuring Bruno Mars,3,2014
Thinking Out Loud,Ed Sheeran,4,2014
Lips Are Movin,Meghan Trainor,5,2014
I'm Not The Only One,Sam Smith,6,2014
Love Me Harder,Ariana Grande & The Weeknd,7,2014
Jealous,Nick Jonas,8,2014
Animals,Maroon 5,9,2014
All About That Bass,Meghan Trainor,10,2014
Shake It Off,Taylor Swift,11,2014
I Don't F**k With You,Big Sean Featuring E-40,12,2014
The Heart Wants What It Wants,Selena Gomez,13,2014
Wasted Love,Matt McAndrew,14,2014
Only,"Nicki Minaj Featuring Drake, Lil Wayne & Chris Brown",15,2014
Habits (Stay High),Tove Lo,16,2014
Tuesday,I LOVE MAKONNEN Featuring Drake,17,2014
Waves,Mr. Probz,18,2014
Don't,Ed Sheeran,19,2014
Centuries,Fall Out Boy,20,2014
The Hanging Tree,James Newton Howard Featuring Jennifer Lawrence,21,2014
Bang Bang,"Jessie J, Ariana Grande & Nicki Minaj",22,2014
No Type,Rae Sremmurd,23,2014
7/11,Beyonce,24,2014
Hot Boy,Bobby Shmurda,25,2014
Blame,Calvin Harris Featuring John Newman,26,2014
Stay With Me,Sam Smith,27,2014
CoCo,O.T. Genasis,28,2014
Beg For It,Iggy Azalea Featuring M0,29,2014
Don't Tell 'Em,Jeremih Featuring YG,30,2014
I Don't Mind,Usher Featuring Juicy J,31,2014
Riptide,Vance Joy,32,2014
Black Widow,Iggy Azalea Featuring Rita Ora,33,2014
My Baby's Got A Smile On Her Face,Craig Wayne Boyd,34,2014
All I Want For Christmas Is You,Mariah Carey,35,2014
Heroes (We Could Be),Alesso Featuring Tove Lo,36,2014
Trumpets,Jason Derulo,37,2014
Shotgun Rider,Tim McGraw,38,2014
Stolen Dance,Milky Chance,39,2014
Chandelier,Sia,40,2014
Something In The Water,Carrie Underwood,41,2014
Santa Tell Me,Ariana Grande,42,2014
Feeling Myself,Nicki Minaj Featuring Beyonce,43,2014
Lifestyle,Rich Gang Featuring Young Thug & Rich Homie Quan,44,2014
Rather Be,Clean Bandit Featuring Jess Glynne,45,2014
Try Me,DeJ Loaf,46,2014
Ghost,Ella Henderson,47,2014
Anaconda,Nicki Minaj,48,2014
Rude,MAGIC!,49,2014
Night Changes,One Direction,50,2014
Talladega,Eric Church,51,2014
"Touchin, Lovin",Trey Songz Featuring Nicki Minaj,52,2014
Velvet,Chris Jamison,53,2014
Hold You Down,"DJ Khaled Featuring Chris Brown, August Alsina, Future & Jeremih",54,2014
L.A.LOVE (la la),Fergie,55,2014
About The Money,T.I. Featuring Young Thug,56,2014
Sun Daze,Florida Georgia Line,57,2014
"Mary, Did You Know?",Pentatonix,58,2014
Perfect Storm,Brad Paisley,59,2014
I Bet My Life,Imagine Dragons,60,2014
I See You,Luke Bryan,61,2014
Bed Of Lies,Nicki Minaj Featuring Skylar Grey,62,2014
Lost Without U,Chris Jamison & Adam Levine,63,2014
I Lived,OneRepublic,64,2014
Masterpiece,Jessie J,65,2014
Lonely Tonight,Blake Shelton Featuring Ashley Monroe,66,2014
Til It's Gone,Kenny Chesney,67,2014
Dangerous,David Guetta Featuring Sam Martin,68,2014
Prayer In C,Lillywood & Robin Schulz,69,2014
Steal My Girl,One Direction,70,2014
Close Your Eyes,Parmalee,71,2014
Drinking Class,Lee Brice,72,2014
Just Gettin' Started,Jason Aldean,73,2014
Soldier,Damien,74,2014
Sledgehammer,Fifth Harmony,75,2014
Make Me Wanna,Thomas Rhett,76,2014
G.D.F.R.,Flo Rida Featuring Sage The Gemini & Lookas,77,2014
God Made Girls,RaeLynn,78,2014
She Knows,Ne-Yo Featuring Juicy J,79,2014
Somewhere In My Car,Keith Urban,80,2014
Often,The Weeknd,81,2014
Mean To Me,Brett Eldredge,82,2014
Lost Stars,Matt McAndrew & Adam Levine,83,2014
Girl In A Country Song,Maddie & Tae,84,2014
Try,Colbie Caillat,85,2014
Shut Up And Dance,WALK THE MOON,86,2014
Time Of Our Lives,Pitbull & Ne-Yo,87,2014
Get On Your Knees,Nicki Minaj Featuring Ariana Grande,88,2014
***Flawless,Beyonce Featuring Nicki Minaj Or Chimamanda Ngozi Adichie,89,2014
Apparently,J. Cole,90,2014
Like A Cowboy,Randy Houser,91,2014
Body Language,Kid Ink Featuring Usher & Tinashe,92,2014
No Love,August Alsina,93,2014
Break The Rules,Charli XCX,94,2014
Lonely Eyes,Chris Young,95,2014
Fireball,Pitbull Featuring John Ryan,96,2014
Homegrown Honey,Darius Rucker,97,2014
Wet Dreamz,J. Cole,98,2014
Yellow Flicker Beat,Lorde,99,2014
In Your Arms,Nico & Vinz,100,2014
Hello,Adele,1,2015
Sorry,Justin Bieber,2,2015
Hotline Bling,Drake,3,2015
Love Yourself,Justin Bieber,4,2015
What Do You Mean?,Justin Bieber,5,2015
Same Old Love,Selena Gomez,6,2015
The Hills,The Weeknd,7,2015
Here,Alessia Cara,8,2015
Stitches,Shawn Mendes,9,2015
Like I'm Gonna Lose You,Meghan Trainor Featuring John Legend,10,2015
679,Fetty Wap Featuring Remy Boyz,11,2015
In The Night,The Weeknd,12,2015
Jumpman,Drake & Future,13,2015
On My Mind,Ellie Goulding,14,2015
Can't Feel My Face,The Weeknd,15,2015
Antidote,Travis Scott,16,2015
Ex's & Oh's,Elle King,17,2015
All I Want For Christmas Is You,Mariah Carey,18,2015
Stressed Out,twenty one pilots,19,2015
Don't,Bryson Tiller,20,2015
Die A Happy Man,Thomas Rhett,21,2015
White Iverson,Post Malone,22,2015
Wildest Dreams,Taylor Swift,23,2015
Mary Did You Know,Jordan Smith,24,2015
Lean On,Major Lazer X DJ Snake Featuring MO,25,2015
Roses,The Chainsmokers Featuring Rozes,26,2015
Watch Me,Silento,27,2015
Say It,Tory Lanez,28,2015
Burning House,Cam,29,2015
Confident,Demi Lovato,30,2015
Trap Queen,Fetty Wap,31,2015
Perfect,One Direction,32,2015
Focus,Ariana Grande,33,2015
Break Up In A Small Town,Sam Hunt,34,2015
Where Ya At,Future Featuring Drake,35,2015
No Role Modelz,J. Cole,36,2015
Locked Away,R. City Featuring Adam Levine,37,2015
Rockin' Around The Christmas Tree,Brenda Lee,38,2015
Where Are U Now,Skrillex & Diplo With Justin Bieber,39,2015
"Me, Myself & I",G-Eazy x Bebe Rexha,40,2015
Hide Away,Daya,41,2015
See You Again,Wiz Khalifa Featuring Charlie Puth,42,2015
Good For You,Selena Gomez Featuring A$AP Rocky,43,2015
Adventure Of A Lifetime,Coldplay,44,2015
Again,Fetty Wap,45,2015
I Know What You Did Last Summer,Shawn Mendes & Camila Cabello,46,2015
Cake By The Ocean,DNCE,47,2015
Exchange,Bryson Tiller,48,2015
Cheerleader,OMI,49,2015
Drag Me Down,One Direction,50,2015
My House,Flo Rida,51,2015
Hit The Quan,iLoveMemphis,52,2015
Back Up,DeJ Loaf Featuring Big Sean,53,2015
WTF (Where They From),Missy Elliott Featuring Pharrell Williams,54,2015
When We Were Young,Adele,55,2015
Burning House,Emily Ann Roberts,56,2015
Down In The DM,Yo Gotti Featuring Nicki Minaj,57,2015
Stay A Little Longer,Brothers Osborne,58,2015
I'll Show You,Justin Bieber,59,2015
One Call Away,Charlie Puth,60,2015
Home Alone Tonight,Luke Bryan Featuring Karen Fairchild,61,2015
Hands To Myself,Selena Gomez,62,2015
Gonna,Blake Shelton,63,2015
Back To Sleep,Chris Brown,64,2015
The Fix,Nelly Featuring Jeremih,65,2015
Gonna Know We Were Here,Jason Aldean,66,2015
Used To Love You,Gwen Stefani,67,2015
Do It Like Me,DLOW,68,2015
You Should Be Here,Cole Swindell,69,2015
Big Rings,Drake & Future,70,2015
I Got The Boy,Jana Kramer,71,2015
Climb Every Mountain,Jordan Smith,72,2015
I Love This Life,LOCASH,73,2015
Back To Back,Drake,74,2015
Lay It All On Me,Rudimental Featuring Ed Sheeran,75,2015
Top Of The World,Tim McGraw,76,2015
Stand By You,Rachel Platten,77,2015
Best Friend,Young Thug,78,2015
Irresistible,Fall Out Boy,79,2015
New Americana,Halsey,80,2015
$ave Dat Money,Lil Dicky Featuring Fetty Wap & Rich Homie Quan,81,2015
The Feeling,Justin Bieber Featuring Halsey,82,2015
Blase,Ty Dolla $ign Featuring Future & Rae Sremmurd,83,2015
Come Get Her,Rae Sremmurd,84,2015
Nothin' Like You,Dan + Shay,85,2015
Good To Be Alive (Hallelujah),Andy Grammer,86,2015
Dibs,Kelsea Ballerini,87,2015
Strip It Down,Luke Bryan,88,2015
Downtown,"Macklemore & Ryan Lewis Featuring Eric Nally, Melle Mel, Kool Moe Dee & Grandmaster Caz",89,2015
God Only Knows,Jordan Smith & Adam Levine,90,2015
Backroad Song,Granger Smith,91,2015
Dessert,Dawin,92,2015
Play No Games,Big Sean Featuring Chris Brown & Ty Dolla $ign,93,2015
Right Hand,Drake,94,2015
Sorry Not Sorry,Bryson Tiller,95,2015
Beautiful Drug,Zac Brown Band,96,2015
Smoke Break,Carrie Underwood,97,2015
Hollow,Tori Kelly,98,2015
Somebody To Love,Jordan Smith,99,2015
Purpose,Justin Bieber,100,2015
Black Beatles,Rae Sremmurd Featuring Gucci Mane,1,2016
Starboy,The Weeknd Featuring Daft Punk,2,2016
Closer,The Chainsmokers Featuring Halsey,3,2016
24K Magic,Bruno Mars,4,2016
Side To Side,Ariana Grande Featuring Nicki Minaj,5,2016
I Don't Wanna Live Forever (Fifty Shades Darker),Zayn / Taylor Swift,6,2016
Deja Vu,J. Cole,7,2016
Juju On That Beat (TZ Anthem),Zay Hilfigerrr & Zayion McCall,8,2016
Let Me Love You,DJ Snake Featuring Justin Bieber,9,2016
Don't Wanna Know,Maroon 5 Featuring Kendrick Lamar,10,2016
Immortal,J. Cole,11,2016
Fake Love,Drake,12,2016
Neighbors,J. Cole,13,2016
Bad Things,Machine Gun Kelly x Camila Cabello,14,2016
Heathens,twenty one pilots,15,2016
Caroline,Amine,16,2016
Broccoli,D.R.A.M. Featuring Lil Yachty,17,2016
Scars To Your Beautiful,Alessia Cara,18,2016
Starving,Hailee Steinfeld & Grey Featuring Zedd,19,2016
All I Want For Christmas Is You,Mariah Carey,20,2016
Change,J. Cole,21,2016
"She's Mine, Pt. 1",J. Cole,22,2016
For Whom The Bell Tolls,J. Cole,23,2016
Ville Mentality,J. Cole,24,2016
I Hate U I Love U,gnash Featuring Olivia O'Brien,25,2016
Bad And Boujee,Migos Featuring Lil Uzi Vert,26,2016
Love On The Brain,Rihanna,27,2016
The Greatest,Sia Featuring Kendrick Lamar,28,2016
4 Your Eyez Only,J. Cole,29,2016
Foldin Clothes,J. Cole,30,2016
Bounce Back,Big Sean,31,2016
Treat You Better,Shawn Mendes,32,2016
I Feel It Coming,The Weeknd Featuring Daft Punk,33,2016
She's Mine Pt. 2,J. Cole,34,2016
In The Name Of Love,Martin Garrix & Bebe Rexha,35,2016
All Time Low,Jon Bellion,36,2016
Love Me Now,John Legend,37,2016
Blue Ain't Your Color,Keith Urban,38,2016
Can't Stop The Feeling!,Justin Timberlake,39,2016
Cold Water,Major Lazer Featuring Justin Bieber & MO,40,2016
Cheap Thrills,Sia Featuring Sean Paul,41,2016
Unsteady,X Ambassadors,42,2016
Don't Let Me Down,The Chainsmokers Featuring Daya,43,2016
Mercy,Shawn Mendes,44,2016
Hallelujah,Pentatonix,45,2016
Jingle Bell Rock,Bobby Helms,46,2016
OOOUUU,Young M.A,47,2016
Rockin' Around The Christmas Tree,Brenda Lee,48,2016
Chill Bill,Rob $tone Featuring J. Davi$ & Spooks,49,2016
This Town,Niall Horan,50,2016
X,21 Savage & Metro Boomin Featuring Future,51,2016
Just Hold On,Steve Aoki & Louis Tomlinson,52,2016
Party Monster,The Weeknd,53,2016
False Prophets,J. Cole,54,2016
No Heart,21 Savage & Metro Boomin,55,2016
May We All,Florida Georgia Line Featuring Tim McGraw,56,2016
Everybody Dies,J. Cole,57,2016
You Was Right,Lil Uzi Vert,58,2016
Wanna Be That Song,Brett Eldredge,59,2016
Do You Mind,"DJ Khaled Featuring Nicki Minaj, Chris Brown, August Alsina, Jeremih, Future & Rick Ross",60,2016
Water Under The Bridge,Adele,61,2016
Million Reasons,Lady Gaga,62,2016
Come And See Me,PARTYNEXTDOOR Featuring Drake,63,2016
Used To This,Future Featuring Drake,64,2016
Say You Won't Let Go,James Arthur,65,2016
How Far I'll Go,Auli'i Cravalho,66,2016
Darlin' Don't Go,Sundance Head,67,2016
Better Man,Little Big Town,68,2016
Song For Another Time,Old Dominion,69,2016
Dirty Laundry,Carrie Underwood,70,2016
Chantaje,Shakira Featuring Maluma,71,2016
Sneakin',Drake Featuring 21 Savage,72,2016
1 Night,Lil Yachty,73,2016
Too Much Sauce,DJ ESCO Featuring Future & Lil Uzi Vert,74,2016
Redbone,Childish Gambino,75,2016
Pick Up The Phone,Young Thug And Travis Scott Featuring Quavo,76,2016
Deja Vu,Post Malone Featuring Justin Bieber,77,2016
Reminder,The Weeknd,78,2016
A Guy With A Girl,Blake Shelton,79,2016
HandClap,Fitz And The Tantrums,80,2016
Six Feet Under,The Weeknd,81,2016
Sidewalks,The Weeknd Featuring Kendrick Lamar,82,2016
Congratulations,Post Malone Featuring Quavo,83,2016
Star Of The Show,Thomas Rhett,84,2016
How I'll Always Be,Tim McGraw,85,2016
Sleep Without You,Brett Young,86,2016
Play That Song,Train,87,2016
Fresh Eyes,Andy Grammer,88,2016
At Last,Sundance Head,89,2016
Rockabye,Clean Bandit Featuring Sean Paul & Anne-Marie,90,2016
Setting The World On Fire,Kenny Chesney Featuring P!nk,91,2016
Dirt On My Boots,Jon Pardi,92,2016
Die For You,The Weeknd & Ariana Grande,93,2016
How Far I'll Go,Alessia Cara,94,2016
All We Know,The Chainsmokers Featuring Phoebe Ryan,95,2016
Selfish,PnB Rock,96,2016
You're Welcome,Dwayne Johnson,97,2016
My Sh*t,A Boogie Wit da Hoodie,98,2016
Alone,Marshmello,99,2016
Sex With Me,Rihanna,100,2016
Perfect,Ed Sheeran,1,2017
Rockstar,Post Malone Featuring 21 Savage,2,2017
Havana,Camila Cabello Featuring Young Thug,3,2017
Gucci Gang,Lil Pump,4,2017
No Limit,G-Eazy Featuring A$AP Rocky & Cardi B,5,2017
Thunder,Imagine Dragons,6,2017
MotorSport,"Migos, Nicki Minaj & Cardi B",7,2017
Too Good At Goodbyes,Sam Smith,8,2017
All I Want For Christmas Is You,Mariah Carey,9,2017
Bad At Love,Halsey,10,2017
River,Eminem Featuring Ed Sheeran,11,2017
Bodak Yellow (Money Moves),Cardi B,12,2017
New Rules,Dua Lipa,13,2017
Gummo,6ix9ine,14,2017
Him & I,G-Eazy & Halsey,15,2017
I Fall Apart,Post Malone,16,2017
What Lovers Do,Maroon 5 Featuring SZA,17,2017
Let You Down,NF,18,2017
I Get The Bag,Gucci Mane Featuring Migos,19,2017
Feel It Still,Portugal. The Man,20,2017
Sorry Not Sorry,Demi Lovato,21,2017
Love.,Kendrick Lamar Featuring Zacari,22,2017
Wolves,Selena Gomez X Marshmello,23,2017
Shape Of You,Ed Sheeran,24,2017
Mi Gente,J Balvin & Willy William Featuring Beyonce,25,2017
Plain Jane,A$AP Ferg Featuring Nicki Minaj,26,2017
The Way Life Goes,Lil Uzi Vert Featuring Nicki Minaj,27,2017
Meant To Be,Bebe Rexha & Florida Georgia Line,28,2017
The Weekend,SZA,29,2017
Rockin' Around The Christmas Tree,Brenda Lee,30,2017
How Long,Charlie Puth,31,2017
It's The Most Wonderful Time Of The Year,Andy Williams,32,2017
Young Dumb & Broke,Khalid,33,2017
1-800-273-8255,Logic Featuring Alessia Cara & Khalid,34,2017
Bank Account,21 Savage,35,2017
Despacito,Luis Fonsi & Daddy Yankee Featuring Justin Bieber,36,2017
The Christmas Song (Merry Christmas To You),"Nat ""King"" Cole",37,2017
A Holly Jolly Christmas,Burl Ives,38,2017
Silence,Marshmello Featuring Khalid,39,2017
Believer,Imagine Dragons,40,2017
Sky Walker,Miguel Featuring Travis Scott,41,2017
End Game,Taylor Swift Featuring Ed Sheeran & Future,42,2017
Last Christmas,Wham!,43,2017
Attention,Charlie Puth,44,2017
Ric Flair Drip,Offset & Metro Boomin,45,2017
Lemon,N*E*R*D & Rihanna,46,2017
Unforgettable,French Montana Featuring Swae Lee,47,2017
That's What I Like,Bruno Mars,48,2017
Feliz Navidad,Jose Feliciano,49,2017
Jingle Bell Rock,Bobby Helms,50,2017
Roll In Peace,Kodak Black Featuring XXXTENTACION,51,2017
Let Me Go,Hailee Steinfeld & Alesso Featuring Florida Georgia Line & Watt,52,2017
Pills And Automobiles,"Chris Brown Featuring Yo Gotti, A Boogie Wit da Hoodie & Kodak Black",53,2017
Kooda,6ix9ine,54,2017
Rubbin Off The Paint,YBN Nahmir,55,2017
Like I Loved You,Brett Young,56,2017
Lights Down Low,MAX Featuring gnash,57,2017
Candy Paint,Post Malone,58,2017
...Ready For It?,Taylor Swift,59,2017
Greatest Love Story,LANCO,60,2017
Good Old Days,Macklemore Featuring Kesha,61,2017
What About Us,P!nk,62,2017
Marry Me,Thomas Rhett,63,2017
Codeine Dreaming,Kodak Black Featuring Lil Wayne,64,2017
I'll Name The Dogs,Blake Shelton,65,2017
Yours,Russell Dickerson,66,2017
Tennessee Rain,Addison Agen,67,2017
The Race,Tay-K,68,2017
Wish I Didn't Love You,Chloe Kohanski,69,2017
Round Here Buzz,Eric Church,70,2017
My Dawg,Lil Baby,71,2017
Light It Up,Luke Bryan,72,2017
Tell Me You Love Me,Demi Lovato,73,2017
Pick It Up,Famous Dex Featuring A$AP Rocky,74,2017
Echame La Culpa,Luis Fonsi & Demi Lovato,75,2017
Look What You Made Me Do,Taylor Swift,76,2017
Betrayed,Lil Xan,77,2017
Losing Sleep,Chris Young,78,2017
MIC Drop,BTS Featuring Desiigner,79,2017
No Smoke,YoungBoy Never Broke Again,80,2017
I Could Use A Love Song,Maren Morris,81,2017
Ice Tray,Quavo & Lil Yachty,82,2017
You Broke Up With Me,Walker Hayes,83,2017
I Pray,Red Marlow,84,2017
Wanted You,NAV Featuring Lil Uzi Vert,85,2017
Mayores,Becky G Featuring Bad Bunny,86,2017
Walk On Water,Eminem Featuring Beyonce,87,2017
Dusk Till Dawn,Zayn Featuring Sia,88,2017
Written In The Sand,Old Dominion,89,2017
Home,"Machine Gun Kelly, X Ambassadors & Bebe Rexha",90,2017
F**k Love,XXXTENTACION Featuring Trippie Redd,91,2017
Believe,Eminem,92,2017
Juice,Yo Gotti,93,2017
Dark Knight Dummo,Trippie Redd Featuring Travis Scott,94,2017
When We,Tank,95,2017
Five More Minutes,Scotty McCreery,96,2017
Too Much To Ask,Niall Horan,97,2017
Never Be The Same,Camila Cabello,98,2017
All On Me,Devin Dawson,99,2017
Legends,Kelsea Ballerini,100,2017
"Thank U, Next",Ariana Grande,1,2018
Without Me,Halsey,2,2018
All I Want For Christmas Is You,Mariah Carey,3,2018
Sicko Mode,Travis Scott,4,2018
Sunflower (Spider-Man: Into The Spider-Verse),Post Malone & Swae Lee,5,2018
High Hopes,Panic! At The Disco,6,2018
Happier,Marshmello & Bastille,7,2018
Jingle Bell Rock,Bobby Helms,8,2018
Rockin' Around The Christmas Tree,Brenda Lee,9,2018
A Holly Jolly Christmas,Burl Ives,10,2018
The Christmas Song (Merry Christmas To You),"Nat ""King"" Cole",11,2018
Drip Too Hard,Lil Baby & Gunna,12,2018
It's The Most Wonderful Time Of The Year,Andy Williams,13,2018
Girls Like You,Maroon 5 Featuring Cardi B,14,2018
ZEZE,Kodak Black Featuring Travis Scott & Offset,15,2018
Rudolph The Red-Nosed Reindeer,Gene Autry & The Pinafores,16,2018
Mo Bamba,Sheck Wes,17,2018
Wake Up In The Sky,Gucci Mane X Bruno Mars X Kodak Black,18,2018
Money,Cardi B,19,2018
"Let It Snow, Let It Snow, Let It Snow!",Dean Martin,20,2018
Eastside,"benny blanco, Halsey & Khalid",21,2018
Breathin,Ariana Grande,22,2018
Better Now,Post Malone,23,2018
Youngblood,5 Seconds Of Summer,24,2018
Last Christmas,Wham!,25,2018
Sleigh Ride,The Ronettes,26,2018
Lucid Dreams,Juice WRLD,27,2018
Here Comes Santa Claus (Right Down Santa Claus Lane),Gene Autry,28,2018
Feliz Navidad,Jose Feliciano,29,2018
Taki Taki,"DJ Snake Featuring Selena Gomez, Ozuna & Cardi B",30,2018
MIA,Bad Bunny Featuring Drake,31,2018
(There's No Place Like) Home For The Holidays (1959),Perry Como With Mitchell Ayers And His Orchestra,32,2018
Leave Me Alone,Flipp Dinero,33,2018
White Christmas,Bing Crosby With Ken Darby Singers & John Scott Trotter & His Orchestra,34,2018
It's Beginning To Look A Lot Like Christmas,Perry Como And The Fontane Sisters With Mitchell Ayres And His Orchestra,35,2018
Going Bad,Meek Mill Featuring Drake,36,2018
A Lot,21 Savage,37,2018
Trip,Ella Mai,38,2018
I Like It,"Cardi B, Bad Bunny & J Balvin",39,2018
Blue Christmas,Elvis Presley,40,2018
Speechless,Dan + Shay,41,2018
Happy Xmas (War Is Over),John & Yoko/The Plastic Ono Band With The Harlem Community Choir,42,2018
Christmas (Baby Please Come Home),Darlene Love,43,2018
Underneath The Tree,Kelly Clarkson,44,2018
Run Rudolph Run,Chuck Berry,45,2018
Natural,Imagine Dragons,46,2018
Wow.,Post Malone,47,2018
Love Lies,Khalid & Normani,48,2018
Jingle Bells,Frank Sinatra With The Orchestra & Chorus Of Gordon Jenkins,49,2018
Beautiful,Bazzi Featuring Camila Cabello,50,2018
Better,Khalid,51,2018
Shallow,Lady Gaga & Bradley Cooper,52,2018
Cozy Little Christmas,Katy Perry,53,2018
She Got The Best Of Me,Luke Combs,54,2018
The Christmas Song,Lauren Daigle,55,2018
Uproar,Lil Wayne,56,2018
Swervin,A Boogie Wit da Hoodie Featuring 6ix9ine,57,2018
Can't Leave Without It,21 Savage,58,2018
You Say,Lauren Daigle,59,2018
Close To Me,Ellie Goulding X Diplo Featuring Swae Lee,60,2018
Best Shot,Jimmie Allen,61,2018
Dangerous,Meek Mill Featuring Jeremih & PnB Rock,62,2018
Be Alright,Dean Lewis,63,2018
Drunk Me,Mitchell Tenpenny,64,2018
Startender,A Boogie Wit da Hoodie Featuring Offset & Tyga,65,2018
Look Back At It,A Boogie Wit da Hoodie,66,2018
All My Friends,21 Savage,67,2018
BAD!,XXXTENTACION,68,2018
Backin' It Up,Pardison Fontaine Featuring Cardi B,69,2018
Break Da Law,21 Savage,70,2018
Imagine,Ariana Grande,71,2018
Talk To Me,Tory Lanez & Rich The Kid,72,2018
Monster,21 Savage,73,2018
Calling My Spirit,Kodak Black,74,2018
Consequences,Camila Cabello,75,2018
Armed And Dangerous,Juice WRLD,76,2018
Arms Around You,XXXTENTACION x Lil Pump Featuring Maluma & Swae Lee,77,2018
Nothing Breaks Like A Heart,Mark Ronson Featuring Miley Cyrus,78,2018
Sixteen,Thomas Rhett,79,2018
Burning Man,Dierks Bentley Featuring Brothers Osborne,80,2018
Beautiful Crazy,Luke Combs,81,2018
When The Party's Over,Billie Eilish,82,2018
Sweet But Psycho,Ava Max,83,2018
This Feeling,The Chainsmokers Featuring Kelsea Ballerini,84,2018
You,Jacquees,85,2018
1.5,21 Savage,86,2018
Girl Like You,Jason Aldean,87,2018
Out For The Night,21 Savage,88,2018
Good Girl,Dustin Lynch,89,2018
No Stylist,French Montana Featuring Drake,90,2018
Lovely,Billie Eilish & Khalid,91,2018
Ella Quiere Beber,Anuel AA & Romeo Santos,92,2018
Gun Smoke,21 Savage,93,2018
Demons And Angels,A Boogie Wit da Hoodie Featuring Juice WRLD,94,2018
ASMR,21 Savage,95,2018
Last Shot,Kip Moore,96,2018
Fine China,Future & Juice WRLD,97,2018
Envy Me,Calboy,98,2018
Lost In Japan,Shawn Mendes X Zedd,99,2018
This Is It,Scotty McCreery,100,2018
All I Want For Christmas Is You,Mariah Carey,1,2019
Rockin' Around The Christmas Tree,Brenda Lee,2,2019
Jingle Bell Rock,Bobby Helms,3,2019
A Holly Jolly Christmas,Burl Ives,4,2019
Circles,Post Malone,5,2019
Roxanne,Arizona Zervas,6,2019
It's The Most Wonderful Time Of The Year,Andy Williams,7,2019
Someone You Loved,Lewis Capaldi,8,2019
Memories,Maroon 5,9,2019
Good As Hell,Lizzo,10,2019
Last Christmas,Wham!,11,2019
Feliz Navidad,Jose Feliciano,12,2019
The Box,Roddy Ricch,13,2019
Dance Monkey,Tones And I,14,2019
"Let It Snow, Let It Snow, Let It Snow!",Dean Martin,15,2019
The Christmas Song (Merry Christmas To You),"Nat ""King"" Cole",16,2019
"10,000 Hours",Dan + Shay & Justin Bieber,17,2019
Lose You To Love Me,Selena Gomez,18,2019
Ballin',Mustard & Roddy Ricch,19,2019
BOP,DaBaby,20,2019
Sleigh Ride,The Ronettes,21,2019
Rudolph The Red-Nosed Reindeer,Gene Autry & The Pinafores,22,2019
Bad Guy,Billie Eilish,23,2019
Happy Holiday / The Holiday Season,Andy Williams,24,2019
No Guidance,Chris Brown Featuring Drake,25,2019
Senorita,Shawn Mendes & Camila Cabello,26,2019
Bandit,Juice WRLD & YoungBoy Never Broke Again,27,2019
It's Beginning To Look A Lot Like Christmas,Perry Como And The Fontane Sisters With Mitchell Ayres And His Orchestra,28,2019
Christmas (Baby Please Come Home),Darlene Love,29,2019
Panini,Lil Nas X,30,2019
Underneath The Tree,Kelly Clarkson,31,2019
Here Comes Santa Claus (Right Down Santa Claus Lane),Gene Autry,32,2019
Hot,Young Thug Featuring Gunna,33,2019
Old Town Road,Lil Nas X Featuring Billy Ray Cyrus,34,2019
Truth Hurts,Lizzo,35,2019
Run Rudolph Run,Chuck Berry,36,2019
(There's No Place Like) Home For The Holidays (1959),Perry Como With Mitchell Ayers And His Orchestra,37,2019
HIGHEST IN THE ROOM,Travis Scott,38,2019
Heartless,The Weeknd,39,2019
Blue Christmas,Elvis Presley,40,2019
Everything I Wanted,Billie Eilish,41,2019
White Christmas,Bing Crosby With Ken Darby Singers & John Scott Trotter & His Orchestra,42,2019
Jingle Bells,Frank Sinatra With The Orchestra & Chorus Of Gordon Jenkins,43,2019
Like It's Christmas,Jonas Brothers,44,2019
Baby It's Cold Outside,Dean Martin,45,2019
Trampoline,SHAED,46,2019
Woah,Lil Baby,47,2019
Futsal Shuffle 2020,Lil Uzi Vert,48,2019
"You're A Mean One, Mr. Grinch",Thurl Ravenscroft,49,2019
Ran$om,Lil Tecca,50,2019
Falling,Trevor Daniel,51,2019
Don't Start Now,Dua Lipa,52,2019
Adore You,Harry Styles,53,2019
One Man Band,Old Dominion,54,2019
Hot Girl Bummer,blackbear,55,2019
Suicidal,YNW Melly & Juice WRLD,56,2019
Lover,Taylor Swift,57,2019
On Chill,Wale Featuring Jeremih,58,2019
Even Though I'm Leaving,Luke Combs,59,2019
No Idea,Don Toliver,60,2019
Graveyard,Halsey,61,2019
My Oh My,Camila Cabello Featuring DaBaby,62,2019
Juicy,Doja Cat & Tyga,63,2019
The Bones,Maren Morris,64,2019
Playing Games,Summer Walker,65,2019
Heat,Chris Brown Featuring Gunna,66,2019
Into The Unknown,Idina Menzel & AURORA,67,2019
VIBEZ,DaBaby,68,2019
Happy Xmas (War Is Over),John Legend,69,2019
Heart On Ice,Rod Wave,70,2019
What If I Never Get Over You,Lady Antebellum,71,2019
Blinding Lights,The Weeknd,72,2019
Ridin' Roads,Dustin Lynch,73,2019
Camelot,NLE Choppa,74,2019
Heartache Medication,Jon Pardi,75,2019
Start Wit Me,Roddy Ricch & Gunna,76,2019
Take What You Want,Post Malone Featuring Ozzy Osbourne & Travis Scott,77,2019
Leave Em Alone,"Layton Greene, Lil Baby, City Girls & PnB Rock",78,2019
Hate Me,Ellie Goulding & Juice WRLD,79,2019
Kinfolks,Sam Hunt,80,2019
Let Me Know (I Wonder Why Freestyle),Juice WRLD,81,2019
Remember You Young,Thomas Rhett,82,2019
Death,Trippie Redd Featuring DaBaby,83,2019
223's,YNW Melly & 9lokknine,84,2019
Slide,H.E.R. Featuring YG,85,2019
RITMO (Bad Boys For Life),Black Eyed Peas X J Balvin,86,2019
Watermelon Sugar,Harry Styles,87,2019
Homesick,Kane Brown,88,2019
Slow Dancing In The Dark,Joji,89,2019
Easy,DaniLeigh Featuring Chris Brown,90,2019
Vete,Bad Bunny,91,2019
Baby Sitter,DaBaby Featuring Offset,92,2019
Nice To Meet Ya,Niall Horan,93,2019
Yellow Hearts,Ant Saunders,94,2019
Tip Toe,Roddy Ricch Featuring A Boogie Wit da Hoodie,95,2019
Candy,Doja Cat,96,2019
BEST ON EARTH,Russ & BIA,97,2019
Tusa,Karol G & Nicki Minaj,98,2019
Enemies,Post Malone Featuring DaBaby,99,2019
South Of The Border,Ed Sheeran Featuring Camila Cabello & Cardi B,100,2019
All I Want For Christmas Is You,Mariah Carey,1,2020
Rockin' Around The Christmas Tree,Brenda Lee,2,2020
Jingle Bell Rock,Bobby Helms,3,2020
A Holly Jolly Christmas,Burl Ives,4,2020
It's The Most Wonderful Time Of The Year,Andy Williams,5,2020
Feliz Navidad,Jose Feliciano,6,2020
Mood,24kGoldn Featuring iann dior,7,2020
"Let It Snow, Let It Snow, Let It Snow!",Dean Martin,8,2020
Last Christmas,Wham!,9,2020
Run Rudolph Run,Chuck Berry,10,2020
The Christmas Song (Merry Christmas To You),"Nat ""King"" Cole",11,2020
Underneath The Tree,Kelly Clarkson,12,2020
Sleigh Ride,The Ronettes,13,2020
Positions,Ariana Grande,14,2020
It's Beginning To Look A Lot Like Christmas,Perry Como And The Fontane Sisters With Mitchell Ayres And His Orchestra,15,2020
Rudolph The Red-Nosed Reindeer,Gene Autry & The Pinafores,16,2020
Santa Tell Me,Ariana Grande,17,2020
Happy Holiday / The Holiday Season,Andy Williams,18,2020
Christmas (Baby Please Come Home),Darlene Love,19,2020
White Christmas,Bing Crosby With Ken Darby Singers & John Scott Trotter & His Orchestra,20,2020
Holy,Justin Bieber Featuring Chance The Rapper,21,2020
(There's No Place Like) Home For The Holidays (1959),Perry Como With Mitchell Ayers And His Orchestra,22,2020
It's Beginning To Look A Lot Like Christmas,Michael Buble,23,2020
Go Crazy,Chris Brown & Young Thug,24,2020
Laugh Now Cry Later,Drake Featuring Lil Durk,25,2020
Here Comes Santa Claus (Right Down Santa Claus Lane),Gene Autry,26,2020
Levitating,Dua Lipa,27,2020
Wonderful Christmastime,Paul McCartney,28,2020
For The Night,Pop Smoke Featuring Lil Baby & DaBaby,29,2020
I Hope,Gabby Barrett Featuring Charlie Puth,30,2020
Lemonade,Internet Money & Gunna Featuring Don Toliver & NAV,31,2020
"You're A Mean One, Mr. Grinch",Thurl Ravenscroft,32,2020
Blue Christmas,Elvis Presley,33,2020
Dakiti,Bad Bunny & Jhay Cortez,34,2020
Body,Megan Thee Stallion,35,2020
Mele Kalikimaka (Merry Christmas),Bing Crosby & The Andrews Sisters,36,2020
Bang!,AJR,37,2020
Willow,Taylor Swift,38,2020
This Christmas,Donny Hathaway,39,2020
34+35,Ariana Grande Feat. Doja Cat & Megan Thee Stallion,40,2020
Kings & Queens,Ava Max,41,2020
Therefore I Am,Billie Eilish,42,2020
Deck The Halls,Nat King Cole,43,2020
Dynamite,BTS,44,2020
Please Come Home For Christmas,Eagles,45,2020
Santa Claus Is Comin' To Town,Jackson 5,46,2020
Little Saint Nick,The Beach Boys,47,2020
Take Me Home For Christmas,Dan + Shay,48,2020
Have Yourself A Merry Little Christmas,Michael Buble,49,2020
I'll Be Home For Christmas,Bing Crosby With John Scott Trotter And His Orchestra,50,2020
What You Know Bout Love,Pop Smoke,51,2020
Whoopty,CJ,52,2020
Lonely,Justin Bieber & benny blanco,53,2020
Hallelujah,Carrie Underwood & John Legend,54,2020
WAP,Cardi B Featuring Megan Thee Stallion,55,2020
Holiday,Lil Nas X,56,2020
Better Together,Luke Combs,57,2020
On Me,Lil Baby,58,2020
Afterglow,Ed Sheeran,59,2020
Gnat,Eminem,60,2020
Rockin' Around The Christmas Tree,Justin Bieber,61,2020
Favorite Time Of Year,Carrie Underwood,62,2020
Hawai,Maluma & The Weeknd,63,2020
Monster,Shawn Mendes & Justin Bieber,64,2020
Diamonds,Sam Smith,65,2020
Starting Over,Chris Stapleton,66,2020
Cry Baby,Megan Thee Stallion Featuring DaBaby,67,2020
You Broke Me First.,Tate McRae,68,2020
My Ex's Best Friend,Machine Gun Kelly X blackbear,69,2020
Without You,The Kid LAROI,70,2020
"Big, Big Plans",Chris Lane,71,2020
Mr. Right Now,21 Savage & Metro Boomin Featuring Drake,72,2020
Forever After All,Luke Combs,73,2020
Throat Baby (Go Baby),BRS Kash,74,2020
Under The Mistletoe,Kelly Clarkson & Brett Eldredge,75,2020
Tyler Herro,Jack Harlow,76,2020
Champagne Problems,Taylor Swift,77,2020
The First Noel,Gabby Barrett,78,2020
Love You Like I Used To,Russell Dickerson,79,2020
Champagne Night,Lady A,80,2020
Prisoner,Miley Cyrus Featuring Dua Lipa,81,2020
Good Time,Niko Moon,82,2020
7 Summers,Morgan Wallen,83,2020
Adderall (Corvette Corvette),Popp Hunna,84,2020
You're Mines Still,Yung Bleu Featuring Drake,85,2020
Tequila Shots,Kid Cudi,86,2020
Back To The Streets,Saweetie Featuring Jhene Aiko,87,2020
Bichota,Karol G,88,2020
Way Out,Jack Harlow Featuring Big Sean,89,2020
Hit Different,SZA Featuring Ty Dolla $ign,90,2020
'Tis The Damn Season,Taylor Swift,91,2020
Damage,H.E.R.,92,2020
Backdoor,Lil Durk,93,2020
Silent Night,Carrie Underwood,94,2020
Golden,Harry Styles,95,2020
Hole In The Bottle,Kelsea Ballerini,96,2020
"No Body, No Crime",Taylor Swift Featuring HAIM,97,2020
Moonwalking In Calabasas,DDG,98,2020
Took Her To The O,King Von,99,2020
Put Your Records On,Ritt Momney,100,2020
All I Want For Christmas Is You,Mariah Carey,1,2021
Rockin' Around The Christmas Tree,Brenda Lee,2,2021
Jingle Bell Rock,Bobby Helms,3,2021
A Holly Jolly Christmas,Burl Ives,4,2021
Easy On Me,Adele,5,2021
It's The Most Wonderful Time Of The Year,Andy Williams,6,2021
Last Christmas,Wham!,7,2021
Feliz Navidad,Jose Feliciano,8,2021
Stay,The Kid LAROI & Justin Bieber,9,2021
Sleigh Ride,The Ronettes,10,2021
The Christmas Song (Merry Christmas To You),"Nat ""King"" Cole",11,2021
"Let It Snow, Let It Snow, Let It Snow!",Dean Martin,12,2021
Underneath The Tree,Kelly Clarkson,13,2021
Broadway Girls,Lil Durk Featuring Morgan Wallen,14,2021
Heat Waves,Glass Animals,15,2021
Christmas (Baby Please Come Home),Darlene Love,16,2021
It's Beginning To Look A Lot Like Christmas,Perry Como And The Fontane Sisters With Mitchell Ayres And His Orchestra,17,2021
Santa Tell Me,Ariana Grande,18,2021
Rudolph The Red-Nosed Reindeer,Gene Autry & The Pinafores,19,2021
Happy Holiday / The Holiday Season,Andy Williams,20,2021
White Christmas,Bing Crosby With Ken Darby Singers & John Scott Trotter & His Orchestra,21,2021
Industry Baby,Lil Nas X & Jack Harlow,22,2021
Shivers,Ed Sheeran,23,2021
Need To Know,Doja Cat,24,2021
Run Rudolph Run,Chuck Berry,25,2021
Super Gremlin,Kodak Black,26,2021
abcdefu,GAYLE,27,2021
(There's No Place Like) Home For The Holidays (1959),Perry Como With Mitchell Ayers And His Orchestra,28,2021
Cold Heart (PNAU Remix),Elton John & Dua Lipa,29,2021
It's Beginning To Look A Lot Like Christmas,Michael Buble,30,2021
Bad Habits,Ed Sheeran,31,2021
Smokin Out The Window,Silk Sonic (Bruno Mars & Anderson .Paak),32,2021
Jingle Bells,Frank Sinatra With The Orchestra & Chorus Of Gordon Jenkins,33,2021
"You're A Mean One, Mr. Grinch",Thurl Ravenscroft,34,2021
Santa Baby,Eartha Kitt With Henri Rene And His Orchestra,35,2021
Wonderful Christmastime,Paul McCartney,36,2021
Linus And Lucy (Peanuts Theme),Vince Guaraldi Trio,37,2021
Good 4 U,Olivia Rodrigo,38,2021
Ghost,Justin Bieber,39,2021
Please Come Home For Christmas,Eagles,40,2021
Santa Claus Is Comin' To Town,Jackson 5,41,2021
I Hate U,SZA,42,2021
Little Saint Nick,The Beach Boys,43,2021
Mistletoe,Justin Bieber,44,2021
Fancy Like,Walker Hayes,45,2021
Deck The Halls,Nat King Cole,46,2021
Have Yourself A Merry Little Christmas,Michael Buble,47,2021
Christmastime Is Here,Vince Guaraldi Trio,48,2021
Thats What I Want,Lil Nas X,49,2021
One Right Now,Post Malone & The Weeknd,50,2021
Happier Than Ever,Billie Eilish,51,2021
Love Nwantiti (Ah Ah Ah),CKay,52,2021
Knife Talk,Drake Featuring 21 Savage & Project Pat,53,2021
Thinking 'Bout You,Dustin Lynch Featuring Lauren Alaina Or MacKenzie Porter,54,2021
Merry Christmas,Ed Sheeran & Elton John,55,2021
Better Days,NEIKED X Mae Muller X Polo G,56,2021
Oh My God,Adele,57,2021
Way 2 Sexy,Drake Featuring Future & Young Thug,58,2021
Buy Dirt,Jordan Davis Featuring Luke Bryan,59,2021
Meet Me At Our Spot,THE ANXIETY: WILLOW & Tyler Cole,60,2021
You Should Probably Leave,Chris Stapleton,61,2021
Christmas Tree Farm (Old Timey Version),Taylor Swift,62,2021
Pick Out A Christmas Tree,Dan + Shay,63,2021
Whiskey And Rain,Michael Ray,64,2021
Girls Want Girls,Drake Featuring Lil Baby,65,2021
Sand In My Boots,Morgan Wallen,66,2021
Who Want Smoke??,"Nardo Wick Featuring G Herbo, Lil Durk & 21 Savage",67,2021
All Too Well (Taylor's Version),Taylor Swift,68,2021
Big Energy,Latto,69,2021
Enemy,Imagine Dragons X JID,70,2021
I'll Be Home For Christmas,Camila Cabello,71,2021
Chosen,Blxst & Tyga Featuring Ty Dolla $ign,72,2021
One Mississippi,Kane Brown,73,2021
Burn,Juice WRLD,74,2021
Have Mercy,Chloe,75,2021
Woman,Doja Cat,76,2021
25 Million,Roddy Ricch,77,2021
By Your Side,Rod Wave,78,2021
Christmas Isn't Canceled (Just You),Kelly Clarkson,79,2021
For Tonight,Giveon,80,2021
Life Goes On,Oliver Tree,81,2021
'Til You Can't,Cody Johnson,82,2021
To Be Loved By You,Parker McCollum,83,2021
My Universe,Coldplay x BTS,84,2021
Moved To Miami,Roddy Ricch Featuring Lil Baby,85,2021
Freedom Was A Highway,Jimmie Allen & Brad Paisley,86,2021
Wandered To LA.,Juice WRLD & Justin Bieber,87,2021
Already Dead,Juice WRLD,88,2021
Tequila Little Time,Jon Pardi,89,2021
Scorpio,Moneybagg Yo,90,2021
Hibachi,Roddy Ricch Featuring Kodak Black & 21 Savage,91,2021
Heart On Fire,Eric Church,92,2021
Message In A Bottle (Taylor's Version) (From The Vault),Taylor Swift,93,2021
Same Boat,Zac Brown Band,94,2021
Thailand,Roddy Ricch,95,2021
Bubbly,Young Thug With Drake & Travis Scott,96,2021
Do It To It,Acraze Featuring Cherish,97,2021
No Love,Summer Walker & SZA,98,2021
Knowing You,Kenny Chesney,99,2021
Family Ties,Baby Keem & Kendrick Lamar,100,2021
All I Want For Christmas Is You,Mariah Carey,1,2022
Rockin' Around The Christmas Tree,Brenda Lee,2,2022
Jingle Bell Rock,Bobby Helms,3,2022
A Holly Jolly Christmas,Burl Ives,4,2022
Last Christmas,Wham!,5,2022
It's The Most Wonderful Time Of The Year,Andy Williams,6,2022
Kill Bill,SZA,7,2022
Feliz Navidad,Jose Feliciano,8,2022
Anti-Hero,Taylor Swift,9,2022
Unholy,Sam Smith & Kim Petras,10,2022
The Christmas Song (Merry Christmas To You),"Nat ""King"" Cole",11,2022
Santa Tell Me,Ariana Grande,12,2022
Sleigh Ride,The Ronettes,13,2022
Underneath The Tree,Kelly Clarkson,14,2022
Christmas (Baby Please Come Home),Darlene Love,15,2022
Deck The Halls,Nat King Cole,16,2022
"Let It Snow, Let It Snow, Let It Snow!",Dean Martin,17,2022
White Christmas,Bing Crosby With Ken Darby Singers & John Scott Trotter & His Orchestra,18,2022
Creepin',"Metro Boomin, The Weeknd & 21 Savage",19,2022
Rich Flex,Drake & 21 Savage,20,2022
It's Beginning To Look A Lot Like Christmas,Michael Buble,21,2022
Jingle Bells,Frank Sinatra With The Orchestra & Chorus Of Gordon Jenkins,22,2022
I'm Good (Blue),David Guetta & Bebe Rexha,23,2022
It's Beginning To Look A Lot Like Christmas,Perry Como And The Fontane Sisters With Mitchell Ayres And His Orchestra,24,2022
Here Comes Santa Claus (Right Down Santa Claus Lane),Gene Autry,25,2022
Die For You,The Weeknd & Ariana Grande,26,2022
Blue Christmas,Elvis Presley,27,2022
Rudolph The Red-Nosed Reindeer,Gene Autry & The Pinafores,28,2022
Bad Habit,Steve Lacy,29,2022
Little Saint Nick,The Beach Boys,30,2022
"You're A Mean One, Mr. Grinch",Thurl Ravenscroft,31,2022
Wonderful Christmastime,Paul McCartney,32,2022
Santa Claus Is Comin' To Town,Jackson 5,33,2022
Run Rudolph Run,Chuck Berry,34,2022
As It Was,Harry Styles,35,2022
Shirt,SZA,36,2022
Under The Influence,Chris Brown,37,2022
Happy Xmas (War Is Over),John & Yoko/The Plastic Ono Band With The Harlem Community Choir,38,2022
Cuff It,Beyonce,39,2022
Happy Holiday / The Holiday Season,Andy Williams,40,2022
Superhero (Heroes & Villains),"Metro Boomin, Future & Chris Brown",41,2022
Merry Christmas,Ed Sheeran & Elton John,42,2022
Nobody Gets Me,SZA,43,2022
Please Come Home For Christmas,Eagles,44,2022
Santa Baby,Eartha Kitt With Henri Rene And His Orchestra,45,2022
You Proof,Morgan Wallen,46,2022
This Christmas,Donny Hathaway,47,2022
Blind,SZA,48,2022
Linus And Lucy (Peanuts Theme),Vince Guaraldi Trio,49,2022
Something In The Orange,Zach Bryan,50,2022
Made You Look,Meghan Trainor,51,2022
Low,SZA,52,2022
Super Freaky Girl,Nicki Minaj,53,2022
Golden Hour,JVKE,54,2022
Just Wanna Rock,Lil Uzi Vert,55,2022
Tomorrow 2,GloRilla & Cardi B,56,2022
Lift Me Up,Rihanna,57,2022
Love Language,SZA,58,2022
Someday At Christmas,Lizzo,59,2022
Thank God,Kane Brown With Katelyn Brown,60,2022
Snooze,SZA,61,2022
Until I Found You,Stephen Sanchez,62,2022
Seek & Destroy,SZA,63,2022
Rock And A Hard Place,Bailey Zimmerman,64,2022
What My World Spins Around,Jordan Davis,65,2022
Victoria's Secret,Jax,66,2022
Lavender Haze,Taylor Swift,67,2022
Son Of A Sinner,Jelly Roll,68,2022
Wait In The Truck,HARDY Featuring Lainey Wilson,69,2022
Used,SZA Featuring Don Toliver,70,2022
Special,SZA,71,2022
Escapism,RAYE Featuring 070 Shake,72,2022
"Going, Going, Gone",Luke Combs,73,2022
Heart Like A Truck,Lainey Wilson,74,2022
Ghost In The Machine,SZA Featuring Phoebe Bridgers,75,2022
Blue Christmas,Kane Brown,76,2022
Star Walkin' (League Of Legends Worlds Anthem),Lil Nas X,77,2022
"Santa, Can't You Hear Me",Kelly Clarkson & Ariana Grande,78,2022
SOS,SZA,79,2022
Whiskey On You,Nate Smith,80,2022
Last Christmas,Lauren Spencer Smith,81,2022
Gone Girl,SZA,82,2022
Calm Down,Rema & Selena Gomez,83,2022
Too Many Nights,Metro Boomin Featuring Don Toliver & Future,84,2022
Notice Me,SZA,85,2022
Open Arms,SZA Featuring Travis Scott,86,2022
Spin Bout U,Drake & 21 Savage,87,2022
Smoking On My Ex Pack,SZA,88,2022
Niagara Falls (Foot Or 2),"Metro Boomin, Travis Scott & 21 Savage",89,2022
Circo Loco,Drake & 21 Savage,90,2022
F2F,SZA,91,2022
Face 2 Face,Juice WRLD,92,2022
Kid On Christmas,Pentatonix Featuring Meghan Trainor,93,2022
Romantic Homicide,d4vd,94,2022
Conceited,SZA,95,2022
Down Home,Jimmie Allen,96,2022
One Thing At A Time,Morgan Wallen,97,2022
Hold Me Closer,Elton John & Britney Spears,98,2022
Far,SZA,99,2022
All Mine,Brent Faiyaz,100,2022
Rockin' Around The Christmas Tree,Brenda Lee,1,2023
All I Want For Christmas Is You,Mariah Carey,2,2023
Jingle Bell Rock,Bobby Helms,3,2023
Last Christmas,Wham!,4,2023
A Holly Jolly Christmas,Burl Ives,5,2023
It's The Most Wonderful Time Of The Year,Andy Williams,6,2023
"Let It Snow, Let It Snow, Let It Snow!",Dean Martin,7,2023
Feliz Navidad,Jose Feliciano,8,2023
Lovin On Me,Jack Harlow,9,2023
Sleigh Ride,The Ronettes,10,2023
Santa Tell Me,Ariana Grande,11,2023
The Christmas Song (Merry Christmas To You),"Nat ""King"" Cole",12,2023
Underneath The Tree,Kelly Clarkson,13,2023
White Christmas,Bing Crosby With Ken Darby Singers & John Scott Trotter & His Orchestra,14,2023
Christmas (Baby Please Come Home),Darlene Love,15,2023
Jingle Bells,Frank Sinatra With The Orchestra & Chorus Of Gordon Jenkins,16,2023
Deck The Halls,Nat King Cole,17,2023
Blue Christmas,Elvis Presley,18,2023
Cruel Summer,Taylor Swift,19,2023
Santa Baby,Eartha Kitt With Henri Rene And His Orchestra,20,2023
Here Comes Santa Claus (Right Down Santa Claus Lane),Gene Autry,21,2023
Run Rudolph Run,Chuck Berry,22,2023
It's Beginning To Look A Lot Like Christmas,Michael Buble,23,2023
Greedy,Tate McRae,24,2023
Little Saint Nick,The Beach Boys,25,2023
Wonderful Christmastime,Paul McCartney,26,2023
It's Beginning To Look A Lot Like Christmas,Perry Como And The Fontane Sisters With Mitchell Ayres And His Orchestra,27,2023
Please Come Home For Christmas,Eagles,28,2023
Paint The Town Red,Doja Cat,29,2023
Santa Claus Is Comin' To Town,Jackson 5,30,2023
I Remember Everything,Zach Bryan Featuring Kacey Musgraves,31,2023
Water,Tyla,32,2023
"You're A Mean One, Mr. Grinch",Thurl Ravenscroft,33,2023
This Christmas,Donny Hathaway,34,2023
Agora Hills,Doja Cat,35,2023
Last Night,Morgan Wallen,36,2023
Mistletoe,Justin Bieber,37,2023
Happy Holiday / The Holiday Season,Andy Williams,38,2023
Christmastime Is Here,Vince Guaraldi Trio,39,2023
Like It's Christmas,Jonas Brothers,40,2023
Have Yourself A Merry Little Christmas,Michael Buble,41,2023
Happy Xmas (War Is Over),John & Yoko/The Plastic Ono Band With The Harlem Community Choir,42,2023
I Saw Mommy Kissing Santa Claus,Jackson 5,43,2023
Thinkin' Bout Me,Morgan Wallen,44,2023
Rudolph The Red-Nosed Reindeer,Gene Autry & The Pinafores,45,2023
Merry Christmas,Ed Sheeran & Elton John,46,2023
Fast Car,Luke Combs,47,2023
Lose Control,Teddy Swims,48,2023
Is It Over Now? (Taylor's Version) [From The Vault],Taylor Swift,49,2023
(There's No Place Like) Home For The Holidays (1954),Perry Como With Mitchell Ayers And His Orchestra,50,2023
Lil Boo Thang,Paul Russell,51,2023
Rich Baby Daddy,Drake Featuring Sexyy Red & SZA,52,2023
FTCU,Nicki Minaj,53,2023
Stick Season,Noah Kahan,54,2023
Everybody,Nicki Minaj Featuring Lil Uzi Vert,55,2023
White Horse,Chris Stapleton,56,2023
First Person Shooter,Drake Featuring J. Cole,57,2023
Used To Be Young,Miley Cyrus,58,2023
Houdini,Dua Lipa,59,2023
Good Good,"Usher, Summer Walker & 21 Savage",60,2023
World On Fire,Nate Smith,61,2023
La Diabla,Xavi,62,2023
Pretty Little Poison,Warren Zeiders,63,2023
On My Mama,Victoria Monet,64,2023
My Love Mine All Mine,Mitski,65,2023
Exes,Tate McRae,66,2023
Surround Sound,JID Featuring 21 Savage & Baby Tate,67,2023
Monaco,Bad Bunny,68,2023
Strangers,Kenya Grace,69,2023
You Broke My Heart,Drake,70,2023
Get Him Back!,Olivia Rodrigo,71,2023
IDGAF,Drake Featuring Yeat,72,2023
Harley Quinn,Fuerza Regida & Marshmello,73,2023
Wild Ones,Jessie Murph & Jelly Roll,74,2023
Bellakeo,Peso Pluma & Anitta,75,2023
Truck Bed,HARDY,76,2023
Save Me The Trouble,Dan + Shay,77,2023
Jingle Bells,Meghan Trainor,78,2023
La Victima,Xavi,79,2023
Where The Wild Things Are,Luke Combs,80,2023
Qlona,Karol G & Peso Pluma,81,2023
You're Losing Me (From The Vault),Taylor Swift,82,2023
500lbs,Lil Tecca,83,2023
The Painter,Cody Johnson,84,2023
Never Lose Me,Flo Milli,85,2023
Burn It Down,Parker McCollum,86,2023
Winter Wonderland,Chloe,87,2023
Segun Quien,Maluma & Carin Leon,88,2023
Needle,Nicki Minaj Featuring Drake,89,2023
DJ Play A Christmas Song,Cher,90,2023
Mind On You,George Birge,91,2023
Lace It,"Juice WRLD, Eminem & benny blanco",92,2023
Hey Driver,Zach Bryan Featuring The War And Treaty,93,2023
Feather,Sabrina Carpenter,94,2023
Can't Catch Me Now,Olivia Rodrigo,95,2023
El Amor de Su Vida,Grupo Frontera & Grupo Firme,96,2023
Standing Next To You,Jung Kook,97,2023
Man Made A Bar,Morgan Wallen Featuring Eric Church,98,2023
Que Onda,Calle 24 x Chino Pacas x Fuerza Regida,99,2023
Great Gatsby,Rod Wave,100,2023
